{
  "metrics": {
    "KNN": {
      "accuracy": 0.6202830188679245,
      "precision": 0.19365079365079366,
      "recall": 0.4728682170542636,
      "f1": 0.2747747747747748,
      "roc_auc": 0.5853737426011579,
      "confusion_matrix": [
        [
          465,
          254
        ],
        [
          68,
          61
        ]
      ]
    },
    "LogisticRegression": {
      "accuracy": 0.6391509433962265,
      "precision": 0.23100303951367782,
      "recall": 0.5891472868217055,
      "f1": 0.3318777292576419,
      "roc_auc": 0.6950652823150155,
      "confusion_matrix": [
        [
          466,
          253
        ],
        [
          53,
          76
        ]
      ]
    },
    "RandomForest": {
      "accuracy": 0.7724056603773585,
      "precision": 0.26119402985074625,
      "recall": 0.2713178294573643,
      "f1": 0.2661596958174905,
      "roc_auc": 0.619508145464739,
      "confusion_matrix": [
        [
          620,
          99
        ],
        [
          94,
          35
        ]
      ]
    },
    "SVC": {
      "accuracy": 0.6851415094339622,
      "precision": 0.25,
      "recall": 0.5348837209302325,
      "f1": 0.34074074074074073,
      "roc_auc": 0.6756477019115695,
      "confusion_matrix": [
        [
          512,
          207
        ],
        [
          60,
          69
        ]
      ]
    },
    "XGBoost": {
      "accuracy": 0.7665094339622641,
      "precision": 0.2553191489361702,
      "recall": 0.27906976744186046,
      "f1": 0.26666666666666666,
      "roc_auc": 0.653135815247275,
      "confusion_matrix": [
        [
          614,
          105
        ],
        [
          93,
          36
        ]
      ]
    }
  },
  "figures": {
    "accuracy_comparison": "D:\\E Drive\\programming\\Heart_disease_prediction\\Projectprototype\\results\\framingham\\figures\\accuracy_comparison.png",
    "metrics_comparison": "D:\\E Drive\\programming\\Heart_disease_prediction\\Projectprototype\\results\\framingham\\figures\\metrics_comparison.png",
    "confusion_matrices": "D:\\E Drive\\programming\\Heart_disease_prediction\\Projectprototype\\results\\framingham\\figures\\confusion_matrices.png",
    "roc_curves": "D:\\E Drive\\programming\\Heart_disease_prediction\\Projectprototype\\results\\framingham\\figures\\roc_curves.png"
  }
}