{
  "best_model": "SVC",
  "metrics": {
    "LogisticRegression": {
      "accuracy": 0.4858490566037736,
      "precision": 0.20761904761904762,
      "recall": 0.8449612403100775,
      "f1": 0.3333333333333333,
      "roc_auc": 0.6950652823150155,
      "confusion_matrix": [
        [
          303,
          416
        ],
        [
          20,
          109
        ]
      ]
    },
    "KNN": {
      "accuracy": 0.5188679245283019,
      "precision": 0.17782909930715934,
      "recall": 0.5968992248062015,
      "f1": 0.27402135231316727,
      "roc_auc": 0.5853737426011579,
      "confusion_matrix": [
        [
          363,
          356
        ],
        [
          52,
          77
        ]
      ]
    },
    "SVC": {
      "accuracy": 0.5766509433962265,
      "precision": 0.22748815165876776,
      "recall": 0.7441860465116279,
      "f1": 0.3484573502722323,
      "roc_auc": 0.6756477019115695,
      "confusion_matrix": [
        [
          393,
          326
        ],
        [
          33,
          96
        ]
      ]
    },
    "RandomForest": {
      "accuracy": 0.6639150943396226,
      "precision": 0.22535211267605634,
      "recall": 0.49612403100775193,
      "f1": 0.3099273607748184,
      "roc_auc": 0.619508145464739,
      "confusion_matrix": [
        [
          499,
          220
        ],
        [
          65,
          64
        ]
      ]
    },
    "XGBoost": {
      "accuracy": 0.6485849056603774,
      "precision": 0.2334384858044164,
      "recall": 0.5736434108527132,
      "f1": 0.33183856502242154,
      "roc_auc": 0.653135815247275,
      "confusion_matrix": [
        [
          476,
          243
        ],
        [
          55,
          74
        ]
      ]
    }
  },
  "figures": {
    "accuracy_comparison": "D:\\E Drive\\programming\\Heart_disease_prediction\\Projectprototype\\results\\framingham\\figures\\accuracy_comparison.png",
    "metrics_comparison": "D:\\E Drive\\programming\\Heart_disease_prediction\\Projectprototype\\results\\framingham\\figures\\metrics_comparison.png",
    "confusion_matrices": "D:\\E Drive\\programming\\Heart_disease_prediction\\Projectprototype\\results\\framingham\\figures\\confusion_matrices.png",
    "roc_curves": "D:\\E Drive\\programming\\Heart_disease_prediction\\Projectprototype\\results\\framingham\\figures\\roc_curves.png"
  }
}