model,accuracy,precision,recall,f1,roc_auc
RandomForest,0.6639150943396226,0.22535211267605634,0.49612403100775193,0.3099273607748184,0.619508145464739
XGBoost,0.6485849056603774,0.2334384858044164,0.5736434108527132,0.33183856502242154,0.653135815247275
SVC,0.5766509433962265,0.22748815165876776,0.7441860465116279,0.3484573502722323,0.6756477019115695
KNN,0.5188679245283019,0.17782909930715934,0.5968992248062015,0.27402135231316727,0.5853737426011579
LogisticRegression,0.4858490566037736,0.20761904761904762,0.8449612403100775,0.3333333333333333,0.6950652823150155
