model,accuracy,precision,recall,f1,roc_auc
RandomForest,0.847877358490566,0.5,0.03875968992248062,0.07194244604316546,0.6434000711582625
XGBoost,0.8337264150943396,0.3333333333333333,0.09302325581395349,0.14545454545454545,0.6534269172300029
KNN,0.8313679245283019,0.29411764705882354,0.07751937984496124,0.12269938650306748,0.6104354670030512
SVC,0.6839622641509434,0.254416961130742,0.5581395348837209,0.34951456310679613,0.6831732272428329
LogisticRegression,0.6674528301886793,0.24752475247524752,0.5813953488372093,0.3472222222222222,0.6987849187609836
