{
  "results": {
    "LogisticRegression": {
      "accuracy": 0.5188679245283019,
      "precision": 0.22376237623762377,
      "recall": 0.875968992248062,
      "f1": 0.35646687697160884,
      "roc_auc": 0.698763355651152,
      "confusion_matrix": [
        [
          327,
          392
        ],
        [
          16,
          113
        ]
      ]
    },
    "KNN": {
      "accuracy": 0.6615566037735849,
      "precision": 0.20955882352941177,
      "recall": 0.4418604651162791,
      "f1": 0.28428927680798005,
      "roc_auc": 0.6095352071675777,
      "confusion_matrix": [
        [
          504,
          215
        ],
        [
          72,
          57
        ]
      ]
    },
    "SVC": {
      "accuracy": 0.7441037735849056,
      "precision": 0.26842105263157895,
      "recall": 0.3953488372093023,
      "f1": 0.31974921630094044,
      "roc_auc": 0.6740304686741921,
      "confusion_matrix": [
        [
          580,
          139
        ],
        [
          78,
          51
        ]
      ]
    },
    "RandomForest": {
      "accuracy": 0.6544811320754716,
      "precision": 0.24213836477987422,
      "recall": 0.5968992248062015,
      "f1": 0.34451901565995524,
      "roc_auc": 0.6634753264115751,
      "confusion_matrix": [
        [
          478,
          241
        ],
        [
          52,
          77
        ]
      ]
    },
    "XGBoost": {
      "accuracy": 0.4658018867924528,
      "precision": 0.18846153846153846,
      "recall": 0.7596899224806202,
      "f1": 0.3020030816640986,
      "roc_auc": 0.6361764293646429,
      "confusion_matrix": [
        [
          297,
          422
        ],
        [
          31,
          98
        ]
      ]
    }
  },
  "best": "LogisticRegression",
  "imbalance_analysis": {
    "is_binary": true,
    "is_imbalanced": true,
    "minority_to_majority_ratio": 0.1791304347826087,
    "counts": {
      "0": 2875,
      "1": 515
    }
  },
  "class_weight_enabled": true
}