{
  "results": {
    "LogisticRegression": {
      "accuracy": 0.6674528301886793,
      "precision": 0.24752475247524752,
      "recall": 0.5813953488372093,
      "f1": 0.3472222222222222,
      "roc_auc": 0.6987849187609836,
      "confusion_matrix": [
        [
          491,
          228
        ],
        [
          54,
          75
        ]
      ]
    },
    "KNN": {
      "accuracy": 0.8313679245283019,
      "precision": 0.29411764705882354,
      "recall": 0.07751937984496124,
      "f1": 0.12269938650306748,
      "roc_auc": 0.6104354670030512,
      "confusion_matrix": [
        [
          695,
          24
        ],
        [
          119,
          10
        ]
      ]
    },
    "SVC": {
      "accuracy": 0.6839622641509434,
      "precision": 0.254416961130742,
      "recall": 0.5581395348837209,
      "f1": 0.34951456310679613,
      "roc_auc": 0.6831732272428329,
      "confusion_matrix": [
        [
          508,
          211
        ],
        [
          57,
          72
        ]
      ]
    },
    "RandomForest": {
      "accuracy": 0.847877358490566,
      "precision": 0.5,
      "recall": 0.03875968992248062,
      "f1": 0.07194244604316546,
      "roc_auc": 0.6434000711582625,
      "confusion_matrix": [
        [
          714,
          5
        ],
        [
          124,
          5
        ]
      ]
    },
    "XGBoost": {
      "accuracy": 0.8337264150943396,
      "precision": 0.3333333333333333,
      "recall": 0.09302325581395349,
      "f1": 0.14545454545454545,
      "roc_auc": 0.6534269172300029,
      "confusion_matrix": [
        [
          695,
          24
        ],
        [
          117,
          12
        ]
      ]
    }
  },
  "best": "SVC",
  "imbalance_analysis": {
    "is_binary": true,
    "is_imbalanced": true,
    "minority_to_majority_ratio": 0.1791304347826087,
    "counts": {
      "0": 2875,
      "1": 515
    }
  },
  "class_weight_enabled": true
}