{
  "metrics": {
    "KNN": {
      "accuracy": 0.8852459016393442,
      "precision": 0.8620689655172413,
      "recall": 0.8928571428571429,
      "f1": 0.8771929824561403,
      "roc_auc": 0.9529220779220778,
      "confusion_matrix": [
        [
          29,
          4
        ],
        [
          3,
          25
        ]
      ]
    },
    "LogisticRegression": {
      "accuracy": 0.8852459016393442,
      "precision": 0.8387096774193549,
      "recall": 0.9285714285714286,
      "f1": 0.8813559322033898,
      "roc_auc": 0.9664502164502166,
      "confusion_matrix": [
        [
          28,
          5
        ],
        [
          2,
          26
        ]
      ]
    },
    "RandomForest": {
      "accuracy": 0.8688524590163934,
      "precision": 0.8125,
      "recall": 0.9285714285714286,
      "f1": 0.8666666666666667,
      "roc_auc": 0.9426406926406926,
      "confusion_matrix": [
        [
          27,
          6
        ],
        [
          2,
          26
        ]
      ]
    },
    "SVC": {
      "accuracy": 0.8852459016393442,
      "precision": 0.8387096774193549,
      "recall": 0.9285714285714286,
      "f1": 0.8813559322033898,
      "roc_auc": 0.9642857142857143,
      "confusion_matrix": [
        [
          28,
          5
        ],
        [
          2,
          26
        ]
      ]
    },
    "XGBoost": {
      "accuracy": 0.8688524590163934,
      "precision": 0.8125,
      "recall": 0.9285714285714286,
      "f1": 0.8666666666666667,
      "roc_auc": 0.945887445887446,
      "confusion_matrix": [
        [
          27,
          6
        ],
        [
          2,
          26
        ]
      ]
    }
  },
  "figures": {
    "accuracy_comparison": "D:\\E Drive\\programming\\Heart_disease_prediction\\Projectprototype\\results\\cleveland\\figures\\accuracy_comparison.png",
    "metrics_comparison": "D:\\E Drive\\programming\\Heart_disease_prediction\\Projectprototype\\results\\cleveland\\figures\\metrics_comparison.png",
    "confusion_matrices": "D:\\E Drive\\programming\\Heart_disease_prediction\\Projectprototype\\results\\cleveland\\figures\\confusion_matrices.png",
    "roc_curves": "D:\\E Drive\\programming\\Heart_disease_prediction\\Projectprototype\\results\\cleveland\\figures\\roc_curves.png"
  }
}