{
  "results": {
    "LogisticRegression": {
      "accuracy": 0.8852459016393442,
      "precision": 0.8387096774193549,
      "recall": 0.9285714285714286,
      "f1": 0.8813559322033898,
      "confusion_matrix": [
        [
          28,
          5
        ],
        [
          2,
          26
        ]
      ]
    },
    "KNN": {
      "accuracy": 0.8852459016393442,
      "precision": 0.8620689655172413,
      "recall": 0.8928571428571429,
      "f1": 0.8771929824561403,
      "confusion_matrix": [
        [
          29,
          4
        ],
        [
          3,
          25
        ]
      ]
    },
    "SVC": {
      "accuracy": 0.8852459016393442,
      "precision": 0.8387096774193549,
      "recall": 0.9285714285714286,
      "f1": 0.8813559322033898,
      "confusion_matrix": [
        [
          28,
          5
        ],
        [
          2,
          26
        ]
      ]
    },
    "RandomForest": {
      "accuracy": 0.8688524590163934,
      "precision": 0.8125,
      "recall": 0.9285714285714286,
      "f1": 0.8666666666666667,
      "confusion_matrix": [
        [
          27,
          6
        ],
        [
          2,
          26
        ]
      ]
    }
  },
  "best": "LogisticRegression"
}